{
  "id": "2116818",
  "name": "1",
  "font_family": "iconfont",
  "css_prefix_text": "icon-",
  "description": "",
  "glyphs": [
    {
      "icon_id": "1280272",
      "name": "旗子",
      "font_class": "hongqi",
      "unicode": "e600",
      "unicode_decimal": 58880
    },
    {
      "icon_id": "3785793",
      "name": "时钟",
      "font_class": "shizhong",
      "unicode": "e66f",
      "unicode_decimal": 58991
    },
    {
      "icon_id": "3817818",
      "name": "跑步1",
      "font_class": "paobu",
      "unicode": "e639",
      "unicode_decimal": 58937
    },
    {
      "icon_id": "3988182",
      "name": "奖牌",
      "font_class": "jiangpai2",
      "unicode": "e601",
      "unicode_decimal": 58881
    },
    {
      "icon_id": "10230341",
      "name": "祝贺",
      "font_class": "zhuhe",
      "unicode": "e620",
      "unicode_decimal": 58912
    },
    {
      "icon_id": "12571138",
      "name": "祝贺",
      "font_class": "zhuhe1",
      "unicode": "e602",
      "unicode_decimal": 58882
    }
  ]
}
